16,s_basic_string_expansion,1573169968,1573162885
17,s_only_string_expansion,1573169968,1573162885
18,s_two_string_expansions,1573169968,1573162885
19,s_two_string_expansions2,1573169968,1573162885
20,s_empty_string_expansion,1573169968,0
21,s_full_then_empty_string,1573169968,1573162885
22,s_empty_then_full_string,1573169968,1573162885
23,s_three_strings,1573169968,1573162885
24,s_space_padded_field_width,1573169968,1573169191
25,s_space_padded_field_width2,1573169968,1573169191
26,s_space_padded_over_field_width,1573169968,1573162885
27,s_space_padded_field_width_lj,1573169968,1573167355
28,s_space_padded_field_width2_lj,1573169968,1573169264
29,s_space_padded_over_field_width_lj,1573169968,1573162885
30,s_string_prec_notrunc,1573169968,0
31,s_string_prec_trunc,1573169968,1573169859
32,s_string_prec_default,1573169968,1573169859
33,s_string_prec_zero,1573169968,1573169859
34,s_two_strings_prec_2trunc,1573169968,1573169859
35,s_two_strings_prec_1trunc_a,1573169968,1573169859
36,s_two_strings_prec_1trunc_b,1573169968,1573169859
37,s_two_strings_prec_0trunc,1573169968,1573169191
38,s_string_prec_width_notrunc,1573169968,1573169191
39,s_string_prec_width_trunc,1573169968,1573169859
40,s_string_prec_width_notrunc_lj,1573169968,1573167355
41,s_string_prec_width_trunc_lj,1573169968,1573167355
42,s_two_s_prec_width_2fit_0trunc,1573169968,1573169191
43,s_two_s_prec_width_1fit_a_0trunc,1573169968,1573169191
44,s_two_s_prec_width_1fit_b_0trunc,1573169968,1573169191
45,s_two_s_prec_width_0fit_0trunc,1573169968,0
46,s_two_s_prec_width_2fit_1trunc_a,1573169968,1573169859
47,s_two_s_prec_width_1fit_a_1trunc_a,1573169968,1573169859
48,s_two_s_prec_width_1fit_b_1trunc_a,1573169968,1573169859
49,s_two_s_prec_width_0fit_1trunc_a,1573169968,1573169859
50,s_two_s_prec_width_2fit_1trunc_b,1573169968,1573169859
51,s_two_s_prec_width_1fit_a_1trunc_b,1573169968,1573169859
52,s_two_s_prec_width_1fit_b_1trunc_b,1573169968,1573169859
53,s_two_s_prec_width_0fit_1trunc_b,1573169968,1573169859
54,s_two_s_prec_width_2fit_2trunc,1573169968,1573169859
55,s_two_s_prec_width_1fit_a_2trunc,1573169968,1573169859
56,s_two_s_prec_width_1fit_b_2trunc,1573169968,1573169859
57,s_two_s_prec_width_0fit_2trunc,1573169968,1573169859
58,s_two_s_prec_width_2trunc,1573169968,1573162885
59,s_two_strings_lj_and_rj,1573169968,1573167355
60,s_two_strings_rj_and_lj,1573169968,1573169191
61,s_null_basic_string_expansion,1573169968,1573162885
62,s_null_only_string_expansion,1573169968,1573162885
63,s_null_space_padded_field_width,1573169968,1573169191
64,s_null_space_padded_over_field_width,1573169968,1573162885
65,s_null_space_padded_field_width_lj,1573169968,1573167355
66,s_null_space_padded_field_width2_lj,1573169968,1573167355
67,s_null_space_padded_over_field_width_lj,1573169968,1573162885
68,s_null_string_prec_notrunc,1573169968,0
69,s_null_string_prec_trunc,1573169968,1573169859
70,s_null_string_prec_default,1573169968,1573169859
71,s_null_string_prec_zero,1573169968,1573169859
72,s_basic_s_hidden,1573169968,1573162885
73,s_width_3_s_hidden,1573169968,1573162885
74,s_width_9_s_hidden,1573169968,1573169191
75,s_prec_no_width_s_hidden,1573169968,1573169859
76,s_prec_9_no_width_s_hidden,1573169968,0
77,s_prec_03_no_width_s_hidden,1573169968,1573169859
78,s_prec_09_no_width_s_hidden,1573169968,0
79,s_prec_03_no_width_s_null,1573169968,1573169859
80,s_prec_09_no_width_s_null,1573169968,1573154139
81,s_prec_00_no_width_s_nullchar,1573169968,0
82,s_prec_01_no_width_s_nullchar,1573169968,0
83,s_prec_03_no_width_s_nullchar,1573169968,0
84,s_prec_09_no_width_s_nullchar,1573169968,0
85,s_prec_0_width_3_s_hidden,1573169968,1573169859
86,s_prec_0_width_10_s_hidden,1573169968,1573169859
87,s_prec_0_width_3_s_null,1573169968,1573169859
88,s_prec_0_width_10_s_null,1573169968,1573169859
89,s_prec_0_width_1_s_nullchar,1573169968,1573169191
90,s_prec_0_width_2_s_nullchar,1573169968,1573169191
91,s_prec_0_width_9_s_nullchar,1573169968,1573169191
92,s_prec_0_lj_width_3_s_hidden,1573169968,1573167355
93,s_prec_0_lj_width_8_s_hidden,1573169968,1573167355
94,s_prec_0_lj_width_3_s_null,1573169968,1573167355
95,s_prec_0_lj_width_8_s_null,1573169968,1573167355
96,s_prec_0_lj_width_1_s_nullchar,1573169968,1573167355
97,s_prec_0_lj_width_2_s_nullchar,1573169968,1573167355
98,s_prec_0_lj_width_6_s_nullchar,1573169968,1573167355
99,s_prec_1_width_3_s_hidden,1573169968,1573169859
100,s_prec_1_width_10_s_hidden,1573169968,1573169859
101,s_prec_1_width_3_s_null,1573169968,1573169859
102,s_prec_1_width_9_s_null,1573169968,1573169859
103,s_prec_1_lj_width_3_s_hidden,1573169968,1573167355
104,s_prec_1_lj_width_10_s_hidden,1573169968,1573167355
105,s_prec_1_lj_width_3_s_null,1573169968,1573167355
106,s_prec_1_lj_width_9_s_null,1573169968,1573167355
107,s_prec_1_lj_width_3_s_nullchar,1573169968,1573167355
108,s_prec_1_lj_width_6_s_nullchar,1573169968,1573167355
109,s_prec_perfect_width_3_s_hidden,1573169968,0
110,s_prec_perfect_width_20_s_hidden,1573169968,1573169191
111,s_prec_perfect_width_3_s_null,1573169968,1573154139
112,s_prec_perfect_width_20_s_null,1573169968,1573169191
113,s_prec_perfect_width_3_s_nullchar,1573169968,1573169191
114,s_prec_perfect_width_6_s_nullchar,1573169968,1573169191
115,s_prec_perfect_lj_width_3_s_hidden,1573169968,0
116,s_prec_perfect_lj_width_20_s_hidden,1573169968,1573167355
117,s_prec_8_lj_width_3_s_hidden,1573169968,0
118,s_prec_8_lj_width_10_s_hidden,1573169968,1573167355
119,s_prec_8_lj_width_3_s_null,1573169968,1573154139
120,s_prec_8_lj_width_10_s_null,1573169968,1573167355
121,s_prec_00_lj_s_hidden_trunc,1573169968,1573169859
122,s_prec_09_lj_s_hidden_notrunc,1573169968,0
167,d_basic_pos,1573168904,0
168,d_basic_neg,1573168904,0
169,d_basic_zero,1573168904,0
492,d_basic_i_pos,1573168904,0
493,d_basic_i_neg,1573168904,0
494,d_basic_i_zero,1573168904,0
495,d_basic_i_onlypos,1573168904,0
496,d_basic_i_onlyneg,1573168904,0
497,d_basic_i_onlyzero,1573168904,0
498,d_intmax,1573168904,0
499,d_intmin,1573168904,0
500,d_as_pos,0,1573168904
501,d_as_neg,1573168904,0
502,d_intmax_as,0,1573168904
503,d_width_pos_fits,1573168904,1573168821
504,d_width_neg_fits,1573168904,1573168821
505,d_width_zero_fits,1573168904,1573168821
506,d_width_pos_exactfit,1573168904,0
507,d_width_neg_exactfit,1573168904,0
508,d_width_pos_nofit,1573168904,0
509,d_width_neg_nofit,1573168904,0
510,d_width_pos_fits_lj,1573168904,1573168821
511,d_width_neg_fits_lj,1573168904,1573168821
512,d_width_zero_fits_lj,1573168904,1573168821
513,d_width_pos_exactfit_lj,1573168904,0
514,d_width_neg_exactfit_lj,1573168904,0
515,d_width_pos_nofit_lj,1573168904,0
516,d_width_neg_nofit_lj,1573168904,0
517,d_width_as_pos,0,1573168904
518,d_width_as_zero,0,1573168904
519,d_width_intmax_as,0,1573168904
520,d_prec_fits_pos,0,1573168904
521,d_prec_fits_neg,0,1573168904
522,d_prec_fits_zero,0,1573168904
523,d_prec_exactfit_pos,1573168904,0
524,d_prec_exactfit_neg,1573168821,1573168904
525,d_prec_nofit_pos,1573168821,1573168904
526,d_prec_nofit_neg,1573168821,1573168904
527,d_prec_as_pos,0,1573168904
528,d_prec_as_neg,0,1573168904
529,d_prec_as_pos_nofit,0,1573168904
530,d_zp_pos_fits,0,1573168904
531,d_zp_neg_fits,0,1573168904
532,d_zp_zero_fits,0,1573168904
533,d_zp_pos_exactfit,1573168904,0
534,d_zp_neg_exactfit,1573168904,0
535,d_zp_neg_minus1fit,1573168904,0
536,d_zp_as_fits,0,1573168904
537,d_zp_as_zero,0,1573168904
538,d_prec_width_fit_fit_pos,0,1573168904
539,d_prec_width_fit_fit_neg,0,1573168904
540,d_prec_width_fit_fit_zero,0,1573168904
541,d_prec_width_nofit_fit_pos,0,1573168904
542,d_prec_width_nofit_fit_neg,0,1573168904
543,d_prec_width_fit_nofit_pos,0,1573168904
544,d_prec_width_fit_nofit_neg,0,1573168904
545,d_prec_width_nofit_nofit_pos,1573168821,1573168904
546,d_prec_width_nofit_nofit_neg,1573168821,1573168904
547,d_prec_width_fit_fit_pos_lj,0,1573168904
548,d_prec_width_fit_fit_neg_lj,0,1573168904
549,d_prec_width_fit_fit_zero_lj,0,1573168904
550,d_prec_width_nofit_fit_pos_lj,0,1573168904
551,d_prec_width_nofit_fit_neg_lj,0,1573168904
552,d_prec_width_fit_nofit_pos_lj,0,1573168904
553,d_prec_width_fit_nofit_neg_lj,0,1573168904
554,d_prec_width_nofit_nofit_pos_lj,1573168821,1573168904
555,d_prec_width_nofit_nofit_neg_lj,1573168821,1573168904
556,d_prec_width_fit_fit_pos_as,0,1573168904
557,d_prec_width_fit_fit_neg_as,0,1573168904
558,d_prec_width_fit_fit_zero_as,0,1573168904
559,d_prec_width_nofit_fit_pos_as,0,1573168904
560,d_prec_width_nofit_fit_neg_as,0,1573168904
561,d_prec_width_fit_nofit_pos_as,0,1573168904
562,d_prec_width_fit_nofit_neg_as,0,1573168904
563,d_prec_width_nofit_nofit_pos_as,0,1573168904
564,d_prec_width_nofit_nofit_neg_as,1573168821,1573168904
565,d_prec_width_fit_fit_pos_ljas,0,1573168904
566,d_prec_width_fit_fit_neg_ljas,0,1573168904
567,d_prec_width_fit_fit_zero_ljas,0,1573168904
568,d_prec_width_nofit_fit_pos_ljas,0,1573168904
569,d_prec_width_nofit_fit_neg_ljas,0,1573168904
570,d_prec_width_fit_nofit_pos_ljas,0,1573168904
571,d_prec_width_fit_nofit_neg_ljas,0,1573168904
572,d_prec_width_nofit_nofit_pos_ljas,0,1573168904
573,d_prec_width_nofit_nofit_neg_ljas,1573168821,1573168904
574,d_prec_width_ff_pos_zp,0,1573168904
575,d_prec_width_ff_neg_zp,0,1573168904
576,d_prec_width_ff_zero_zp,0,1573168904
577,d_prec_width_nf_pos_zp,0,1573168904
578,d_prec_width_nf_neg_zp,0,1573168904
579,d_prec_width_fn_pos_zp,0,1573168904
580,d_prec_width_fn_neg_zp,0,1573168904
581,d_prec_width_nn_pos_zp,1573168821,1573168904
582,d_prec_width_nn_neg_zp,1573168821,1573168904
583,d_prec_width_ff_pos_lj_zp_ignoreflag,0,1573168904
584,d_prec_width_ff_neg_ljzp_ignoreflag,0,1573168904
585,d_prec_width_ff_zero_ljzp_ignoreflag,0,1573168904
586,d_prec_width_nf_pos_ljzp_ignoreflag,0,1573168904
587,d_prec_width_nf_neg_ljzp_ignoreflag,0,1573168904
588,d_prec_width_fn_pos_ljzp_ignoreflag,0,1573168904
589,d_prec_width_fn_neg_ljzp_ignoreflag,0,1573168904
590,d_prec_width_nn_pos_ljzp_ignoreflag,1573168821,1573168904
591,d_prec_width_nn_neg_ljzp_ignoreflag,1573168821,1573168904
592,d_prec_width_ff_pos_aszp,0,1573168904
593,d_prec_width_ff_neg_aszp,0,1573168904
594,d_prec_width_ff_zero_aszp,0,1573168904
595,d_prec_width_nf_pos_aszp,0,1573168904
596,d_prec_width_nf_neg_aszp,0,1573168904
597,d_prec_width_fn_pos_aszp,0,1573168904
598,d_prec_width_fn_neg_aszp,0,1573168904
599,d_prec_width_nn_pos_aszp,0,1573168904
600,d_prec_width_nn_neg_aszp,1573168821,1573168904
601,d_prec_width_ff_pos_ljaszp_ignoreflag,0,1573168904
602,d_prec_width_ff_neg_ljaszp_ignoreflag,0,1573168904
603,d_prec_width_ff_zero_ljaszp_ignoreflag,0,1573168904
604,d_prec_width_nf_pos_ljaszp_ignoreflag,0,1573168904
605,d_prec_width_nf_neg_ljaszp_ignoreflag,0,1573168904
606,d_prec_width_fn_pos_ljaszp_ignoreflag,0,1573168904
607,d_prec_width_fn_neg_ljaszp_ignoreflag,0,1573168904
608,d_prec_width_nn_pos_ljaszp_ignoreflag,0,1573168904
609,d_prec_width_nn_neg_ljaszp_ignoreflag,1573168821,1573168904
610,d_size_hh_pos_casted,1573168904,0
611,d_size_hh_neg_casted,1573168904,0
612,d_size_h_pos_casted,1573168904,0
613,d_size_h_neg_casted,1573168904,0
614,d_size_l_pos_casted,1573168904,0
615,d_size_l_neg_casted,1573168904,0
616,d_size_ll_pos_casted,1573168904,0
617,d_size_ll_neg_casted,1573168904,0
618,d_size_hh_pos_ref,1573168904,0
619,d_size_hh_neg_ref,1573168904,0
620,d_size_h_pos_ref,1573168904,0
621,d_size_h_neg_ref,1573168904,0
622,d_size_l_pos_ref,1573168904,0
623,d_size_l_pos_ref_lmax,1573168904,0
624,d_size_ll_pos_ref_llmax,1573168904,0
625,d_size_l_neg_ref,1573168904,0
626,d_size_ll_pos_ref,1573168904,0
627,d_size_ll_neg_ref,1573168904,0
628,d_size_l_pos_big,1573168904,0
629,d_size_l_neg_big,1573168904,0
630,d_size_ll_pos_big,1573168904,0
631,d_size_ll_neg_big,1573168904,0
632,d_llmax,1573168904,0
633,d_llmin,1573168904,0
634,d_lmax,1573168904,0
635,d_lmin,1573168904,0
636,d_hmax,1573168904,0
637,d_hmin,1573168904,0
638,d_hhmax,1573168904,0
639,d_hhmin,0,1573168904
640,d_size_l_pos_big_zp,0,1573168904
641,d_size_l_neg_big_prec,0,1573168904
642,d_size_ll_pos_big_width,0,1573168904
643,d_size_ll_neg_big_lj,0,1573168904
644,d_size_l_pos_big_as,0,1573168904
645,d_size_follows_i_i,1573168904,0
646,d_size_follows_i_l,1573168904,0
647,d_size_follows_i_ll,1573168904,0
648,d_size_follows_i_h,1573168904,0
649,d_size_follows_i_hh,1573168904,0
650,d_size_ll_hh_ll,1573168904,0
651,d_size_h_l_hh,1573168904,0
652,d_size_l_hh_h,1573168904,0
653,d_size_n_ll_hh,1573168904,0
654,d_size_ll_n_l,1573168904,0
655,d_basic_i_pos_sp,0,1573168904
656,d_basic_i_neg_sp,0,1573168904
657,d_basic_i_zero_sp,0,1573168904
658,d_basic_i_onlypos_sp,0,1573168904
659,d_basic_i_onlyneg_sp,0,1573168904
660,d_basic_i_onlyzero_sp,0,1573168904
661,d_basic_i_pos_d_sp,0,1573168904
662,d_basic_i_neg_d_sp,0,1573168904
663,d_basic_i_zero_d_sp,0,1573168904
664,d_intmax_sp,0,1573168904
665,d_intmin_sp,0,1573168904
666,d_assp_pos_ignoreflag,0,1573168904
667,d_assp_neg_ignoreflag,0,1573168904
668,d_intmax_assp_ignoreflag,0,1573168904
669,d_width_pos_fits_sp,0,1573168904
670,d_width_neg_fits_sp,0,1573168904
671,d_width_zero_fits_sp,0,1573168904
672,d_width_pos_exactfit_sp,0,1573168904
673,d_width_neg_exactfit_sp,0,1573168904
674,d_width_pos_nofit_sp,0,1573168904
675,d_width_neg_nofit_sp,0,1573168904
676,d_width_pos_fits_lj_sp,0,1573168904
677,d_width_neg_fits_lj_sp,0,1573168904
678,d_width_zero_fits_lj_sp,0,1573168904
679,d_width_pos_exactfit_lj_sp,0,1573168904
680,d_width_neg_exactfit_lj_sp,0,1573168904
681,d_width_pos_nofit_lj_sp,0,1573168904
682,d_width_neg_nofit_lj_sp,0,1573168904
683,d_width_assp_pos_ignoreflag,0,1573168904
684,d_width_assp_zero_ignoreflag,0,1573168904
685,d_width_intmax_assp_ignoreflag,0,1573168904
686,d_prec_fits_pos_sp,0,1573168904
687,d_prec_fits_neg_sp,0,1573168904
688,d_prec_fits_zero_sp,0,1573168904
689,d_prec_exactfit_pos_sp,0,1573168904
690,d_prec_exactfit_neg_sp,0,1573168904
691,d_prec_nofit_pos_sp,0,1573168904
692,d_prec_nofit_neg_sp,0,1573168904
693,d_prec_assp_pos_ignoreflag,0,1573168904
694,d_prec_assp_neg_ignoreflag,0,1573168904
695,d_prec_assp_pos_nofit_ignoreflag,0,1573168904
696,d_zpsp_pos_fits,0,1573168904
697,d_zpsp_neg_fits,0,1573168904
698,d_zpsp_zero_fits,0,1573168904
699,d_zpsp_pos_exactfit,0,1573168904
700,d_zpsp_neg_exactfit,0,1573168904
701,d_zpsp_neg_minus1fit,0,1573168904
702,d_zpassp_as_fits_ignoreflag,0,1573168904
703,d_zpassp_zero_ignoreflag,0,1573168904
704,d_prec_width_fit_fit_pos_sp,0,1573168904
705,d_prec_width_fit_fit_neg_sp,0,1573168904
706,d_prec_width_fit_fit_zero_sp,0,1573168904
707,d_prec_width_nofit_fit_pos_sp,0,1573168904
708,d_prec_width_nofit_fit_neg_sp,0,1573168904
709,d_prec_width_fit_nofit_pos_sp,0,1573168904
710,d_prec_width_fit_nofit_neg_sp,0,1573168904
711,d_prec_width_nofit_nofit_pos_sp,0,1573168904
712,d_prec_width_nofit_nofit_neg_sp,0,1573168904
713,d_prec_width_fit_fit_pos_lj_sp,0,1573168904
714,d_prec_width_fit_fit_neg_lj_sp,0,1573168904
715,d_prec_width_fit_fit_zero_lj_sp,0,1573168904
716,d_prec_width_nofit_fit_pos_lj_sp,0,1573168904
717,d_prec_width_nofit_fit_neg_lj_sp,0,1573168904
718,d_prec_width_fit_nofit_pos_lj_sp,0,1573168904
719,d_prec_width_fit_nofit_neg_lj_sp,0,1573168904
720,d_prec_width_nofit_nofit_pos_lj_sp,0,1573168904
721,d_prec_width_nofit_nofit_neg_lj_sp,0,1573168904
722,d_prec_width_fit_fit_pos_assp_ignoreflag,0,1573168904
723,d_prec_width_fit_fit_neg_assp_ignoreflag,0,1573168904
724,d_prec_width_fit_fit_zero_assp_ignoreflag,0,1573168904
725,d_prec_width_nofit_fit_pos_assp_ignoreflag,0,1573168904
726,d_prec_width_nofit_fit_neg_assp_ignoreflag,0,1573168904
727,d_prec_width_fit_nofit_pos_assp_ignoreflag,0,1573168904
728,d_prec_width_fit_nofit_neg_assp_ignoreflag,0,1573168904
729,d_prec_width_nofit_nofit_pos_assp_ignoreflag,0,1573168904
730,d_prec_width_nofit_nofit_neg_assp_ignoreflag,0,1573168904
731,d_prec_width_fit_fit_pos_lj_assp_ignoreflag,0,1573168904
732,d_prec_width_fit_fit_neg_lj_assp_ignoreflag,0,1573168904
733,d_prec_width_fit_fit_zero_lj_assp_ignoreflag,0,1573168904
734,d_prec_width_nofit_fit_pos_lj_assp_ignoreflag,0,1573168904
735,d_prec_width_nofit_fit_neg_lj_assp_ignoreflag,0,1573168904
736,d_prec_width_fit_nofit_pos_lj_assp_ignoreflag,0,1573168904
737,d_prec_width_fit_nofit_neg_lj_assp_ignoreflag,0,1573168904
738,d_prec_width_nofit_nofit_pos_lj_assp_ignoreflag,0,1573168904
739,d_prec_width_nofit_nofit_neg_lj_assp_ignoreflag,0,1573168904
740,d_prec_width_ff_pos_zp_sp,0,1573168904
741,d_prec_width_ff_neg_zp_sp,0,1573168904
742,d_prec_width_ff_zero_zp_sp,0,1573168904
743,d_prec_width_nf_pos_zp_sp,0,1573168904
744,d_prec_width_nf_neg_zp_sp,0,1573168904
745,d_prec_width_fn_pos_zp_sp,0,1573168904
746,d_prec_width_fn_neg_zp_sp,0,1573168904
747,d_prec_width_nn_pos_zp_sp,0,1573168904
748,d_prec_width_nn_neg_zp_sp,0,1573168904
749,d_prec_width_ff_pos_ljzpsp_ignoreflag,0,1573168904
750,d_prec_width_ff_neg_ljzpsp_ignoreflag,0,1573168904
751,d_prec_width_ff_zero_ljzpsp_ignoreflag,0,1573168904
752,d_prec_width_nf_pos_ljzpsp_ignoreflag,0,1573168904
753,d_prec_width_nf_neg_ljzpsp_ignoreflag,0,1573168904
754,d_prec_width_fn_pos_ljzpsp_ignoreflag,0,1573168904
755,d_prec_width_fn_neg_ljzpsp_ignoreflag,0,1573168904
756,d_prec_width_nn_pos_ljzpsp_ignoreflag,0,1573168904
757,d_prec_width_nn_neg_ljzpsp_ignoreflag,0,1573168904
758,d_prec_width_ff_pos_aszpsp_ignoreflag,0,1573168904
759,d_prec_width_ff_neg_aszpsp_ignoreflag,0,1573168904
760,d_prec_width_ff_zero_aszpsp_ignoreflag,0,1573168904
761,d_prec_width_nf_pos_aszpsp_ignoreflag,0,1573168904
762,d_prec_width_nf_neg_aszpsp_ignoreflag,0,1573168904
763,d_prec_width_fn_pos_aszpsp_ignoreflag,0,1573168904
764,d_prec_width_fn_neg_aszpsp_ignoreflag,0,1573168904
765,d_prec_width_nn_pos_aszpsp_ignoreflag,0,1573168904
766,d_prec_width_nn_neg_aszpsp_ignoreflag,0,1573168904
767,d_prec_width_ff_pos_ljaszpsp_ignoreflag,0,1573168904
768,d_prec_width_ff_neg_ljaszpsp_ignoreflag,0,1573168904
769,d_prec_width_ff_zero_ljaszpsp_ignoreflag,0,1573168904
770,d_prec_width_nf_pos_ljaszpsp_ignoreflag,0,1573168904
771,d_prec_width_nf_neg_ljaszpsp_ignoreflag,0,1573168904
772,d_prec_width_fn_pos_ljaszpsp_ignoreflag,0,1573168904
773,d_prec_width_fn_neg_ljaszpsp_ignoreflag,0,1573168904
774,d_prec_width_nn_pos_ljaszpsp_ignoreflag,0,1573168904
775,d_prec_width_nn_neg_ljaszpsp_ignoreflag,0,1573168904
776,d_size_hh_pos_casted_sp,0,1573168904
777,d_size_hh_neg_casted_sp,0,1573168904
778,d_size_h_pos_casted_sp,0,1573168904
779,d_size_h_neg_casted_sp,0,1573168904
780,d_size_l_pos_casted_sp,0,1573168904
781,d_size_l_neg_casted_sp,0,1573168904
782,d_size_ll_pos_casted_sp,0,1573168904
783,d_size_ll_neg_casted_sp,0,1573168904
784,d_size_hh_pos_ref_sp,0,1573168904
785,d_size_hh_neg_ref_sp,0,1573168904
786,d_size_h_pos_ref_sp,0,1573168904
787,d_size_h_neg_ref_sp,0,1573168904
788,d_size_l_pos_ref_sp,0,1573168904
789,d_size_l_neg_ref_sp,0,1573168904
790,d_size_ll_pos_ref_sp,0,1573168904
791,d_size_ll_neg_ref_sp,0,1573168904
792,d_size_l_pos_big_sp,0,1573168904
793,d_size_l_neg_big_sp,0,1573168904
794,d_size_ll_pos_big_sp,0,1573168904
795,d_size_ll_neg_big_sp,0,1573168904
796,d_llmax_sp,0,1573168904
797,d_llmin_sp,0,1573168904
798,d_lmax_sp,0,1573168904
799,d_lmin_sp,0,1573168904
800,d_hmax_sp,0,1573168904
801,d_hmin_sp,0,1573168904
802,d_hhmax_sp,0,1573168904
803,d_hhmin_sp,0,1573168904
804,d_prec0val0_basic,1573168904,1573168821
805,d_prec0val0_implicit,1573168904,1573168821
806,d_prec0val0_w,1573168904,1573168821
807,d_prec0val0_w_impl,1573168904,1573168821
808,d_prec0val0_wlj,1573168904,1573168821
809,d_prec0val0_wlj_impl,1573168904,1573168821
810,d_prec0val0_as,0,1573168904
811,d_prec0val0_as_impl,0,1573168904
812,d_prec0val0_was,0,1573168904
813,d_prec0val0_was_impl,0,1573168904
814,d_prec0val0_waslj,0,1573168904
815,d_prec0val0_waslj_impl,0,1573168904
